id,runtime,status,elapsed,consumed
67194452476690432,pleiades+example,Finished,14003,13827,14003
67194453298774016,pleiades+example,Finished,13969,13902,57
67194453030338560,pleiades+example,Finished,14013,13907,5
67194452870955008,pleiades+example,Finished,13959,13901,40
67194452761903104,pleiades+example,Finished,14055,13997,51
67194453449768960,pleiades+example,Finished,14099,13993,8
67194452501856256,pleiades+example,Finished,14007,14001,10
67194452728348672,pleiades+example,Finished,14076,13997,25
67194452610908160,pleiades+example,Finished,14063,13917,61
67194452661239808,pleiades+example,Finished,14130,13999,89
67194452552187904,pleiades+example,Finished,14153,14013,13
67194452996784128,pleiades+example,Finished,14133,14010,13
67194453441380352,pleiades+example,Finished,14652,14640,431
67194452636073984,pleiades+example,Finished,14690,14653,15
67194452426358784,pleiades+example,Finished,14819,14618,8
67194453139390464,pleiades+example,Finished,14838,14611,30
67194452678017024,pleiades+example,Finished,14764,14633,12
67194453047115776,pleiades+example,Finished,14818,14735,19
67194452770291712,pleiades+example,Finished,14888,14744,30
67194452669628416,pleiades+example,Finished,14862,14745,168
67194452409581568,pleiades+example,Finished,14836,14728,8
67194452887732224,pleiades+example,Finished,14869,14748,22
67194453432991744,pleiades+example,Finished,14952,14750,5
67194452803846144,pleiades+example,Finished,15094,14735,240
67194453038727168,pleiades+example,Finished,27558,13891,12583
67194452527022080,pleiades+example,Finished,27648,13894,20
67194452921286656,pleiades+example,Finished,27568,13895,46
67194453114224640,pleiades+example,Finished,27701,13868,18
67194452812234752,pleiades+example,Finished,27642,13890,10
67194453365882880,pleiades+example,Finished,27595,13890,21
67194453097447424,pleiades+example,Finished,27930,14196,144
67194452376027136,pleiades+example,Finished,27810,13895,21
67194452745125888,pleiades+example,Finished,27743,13893,24
67194453089058816,pleiades+example,Finished,27757,13893,1
67194452862566400,pleiades+example,Finished,27754,13893,32
67194453164556288,pleiades+example,Finished,27840,14072,41
67194452988395520,pleiades+example,Finished,28987,14627,1113
67194452753514496,pleiades+example,Finished,29012,14612,0
67194453055504384,pleiades+example,Finished,29169,14624,72
67194452854177792,pleiades+example,Finished,29119,14628,13
67194452568965120,pleiades+example,Finished,29266,14635,46
67194452384415744,pleiades+example,Finished,29335,14737,49
67194453156167680,pleiades+example,Finished,29376,14620,50
67194452644462592,pleiades+example,Finished,29200,14628,46
67194452703182848,pleiades+example,Finished,29174,14627,11
67194453416214528,pleiades+example,Finished,29310,14733,121
67194453013561344,pleiades+example,Finished,29385,14629,8
67194453105836032,pleiades+example,Finished,29445,14596,170
67194452879343616,pleiades+example,Finished,27602,13930,11846
67194452619296768,pleiades+example,Finished,27769,14052,146
67194453080670208,pleiades+example,Finished,27797,13988,39
67194452845789184,pleiades+example,Finished,27851,14094,74
67194452963229696,pleiades+example,Finished,27843,14091,15
67194452350861312,pleiades+example,Finished,27841,14095,7
67194452904509440,pleiades+example,Finished,27742,13915,69
67194452627685376,pleiades+example,Finished,28007,13995,75
67194453399437312,pleiades+example,Finished,28256,14101,5
67194452938063872,pleiades+example,Finished,27858,14055,11
67194453508489216,pleiades+example,Finished,27859,14081,12
67194453021949952,pleiades+example,Finished,27966,14087,86
67194453206499328,pleiades+example,Finished,29121,14675,1767
67194452510244864,pleiades+example,Finished,29126,14754,25
67194452820623360,pleiades+example,Finished,29189,14671,31
67194453290385408,pleiades+example,Finished,29030,14839,41
67194452694794240,pleiades+example,Finished,29211,14757,2
67194452317306883,pleiades+example,Finished,29500,14668,67
67194453391048704,pleiades+example,Finished,29044,14769,145
67194453198110720,pleiades+example,Finished,29252,14660,41
67194452317306884,pleiades+example,Finished,29290,14838,25
67194452392804352,pleiades+example,Finished,29830,14827,126
67194452359249920,pleiades+example,Finished,29445,14749,16
67194453231665152,pleiades+example,Finished,29450,14804,205
67194452652851200,pleiades+example,Finished,27643,13898,10868
67194453063892992,pleiades+example,Finished,27896,13992,231
67194452367638528,pleiades+example,Finished,27910,13920,46
67194452401192960,pleiades+example,Finished,27955,14010,22
67194453483323392,pleiades+example,Finished,27745,13921,1
67194453307162624,pleiades+example,Finished,27944,13916,21
67194452602519552,pleiades+example,Finished,27623,13907,47
67194452829011968,pleiades+example,Finished,27801,13974,167
67194453189722112,pleiades+example,Finished,27972,13994,13
67194452585742336,pleiades+example,Finished,28115,14028,109
67194452896120832,pleiades+example,Finished,28171,14100,77
67194452443136000,pleiades+example,Finished,28233,14224,31
67194453265219584,pleiades+example,Finished,29394,14732,2366
67194452719960064,pleiades+example,Finished,29023,14656,30
67194452459913216,pleiades+example,Finished,29210,14669,18
67194452837400576,pleiades+example,Finished,29250,14750,28
67194452493467648,pleiades+example,Finished,29492,14735,30
67194452560576512,pleiades+example,Finished,29370,14693,69
67194452543799296,pleiades+example,Finished,29105,14732,136
67194452535410688,pleiades+example,Finished,29288,14660,2
67194452954841088,pleiades+example,Finished,29313,14688,36
67194452711571456,pleiades+example,Finished,29532,14667,196
67194452342472704,pleiades+example,Finished,29821,14740,88
67194453223276544,pleiades+example,Finished,29638,14737,218
67194452736737280,pleiades+example,Finished,27742,13940,9952
67194453458157568,pleiades+example,Finished,27762,13932,221
67194453240053760,pleiades+example,Finished,27911,14006,181
67194453374271488,pleiades+example,Finished,27536,13943,5
67194452518633472,pleiades+example,Finished,27970,14108,42
67194452971618304,pleiades+example,Finished,27791,14111,21
67194452594130944,pleiades+example,Finished,27846,13934,76
67194452334084096,pleiades+example,Finished,28080,14105,0
67194453256830976,pleiades+example,Finished,27751,14007,61
67194453273608192,pleiades+example,Finished,28046,13941,126
67194453382660096,pleiades+example,Finished,28109,13940,30
67194453172944896,pleiades+example,Finished,28174,14087,74
67194452485079040,pleiades+example,Finished,29188,14682,3035
67194453474934784,pleiades+example,Finished,29270,14681,72
67194453122613248,pleiades+example,Finished,29244,14645,5
67194452795457536,pleiades+example,Finished,29306,14693,51
67194452778680320,pleiades+example,Finished,29215,14854,76
67194452929675264,pleiades+example,Finished,29418,14659,3
67194453323939840,pleiades+example,Finished,29303,14696,117
67194452980006912,pleiades+example,Finished,29427,14664,113
67194452577353728,pleiades+example,Finished,29488,14855,49
67194452325695488,pleiades+example,Finished,29407,14655,119
67194453005172736,pleiades+example,Finished,29551,14654,133
67194452417970176,pleiades+example,Finished,29586,14664,236
67194453349105664,pleiades+example,Finished,27976,14096,9246
67194453491712000,pleiades+example,Finished,27851,13939,287
67194452912898048,pleiades+example,Finished,27632,13965,3
67194453131001856,pleiades+example,Finished,27666,13848,11
67194453181333504,pleiades+example,Finished,27855,13939,10
67194453500100608,pleiades+example,Finished,27888,14020,21
67194452434747392,pleiades+example,Finished,28135,14241,25
67194452686405632,pleiades+example,Finished,28001,13955,65
67194453147779072,pleiades+example,Finished,27843,13972,63
67194452787068928,pleiades+example,Finished,27741,13927,88
67194453407825920,pleiades+example,Finished,27984,13854,32
67194452946452480,pleiades+example,Finished,27845,13990,61
67194453281996800,pleiades+example,Finished,27721,13258,2488
67194452451524608,pleiades+example,Finished,27894,13254,4
67194453332328448,pleiades+example,Finished,27998,13221,72
67194453214887936,pleiades+example,Finished,28048,13434,59
67194453340717056,pleiades+example,Finished,27847,13285,1
67194453424603136,pleiades+example,Finished,28102,13590,64
67194453315551232,pleiades+example,Finished,27757,12947,34
67194453248442368,pleiades+example,Finished,27611,13360,65
67194452468301824,pleiades+example,Finished,28125,13322,125
67194453466546176,pleiades+example,Finished,28113,13330,0
67194453072281600,pleiades+example,Finished,27898,13197,150
67194453357494272,pleiades+example,Finished,27752,12885,55
